bLT3JfarV0,illo ducimus similique,2645,70,10,10
MJLuLLCVbv,et repellat ut,7427,52,10,2
1JQqK3KHVO,doloremque ad impedit,8062,22,6,1
GH4dgiwkoy,labore nemo et,4364,9,10,3
n4cPiCHZJo,sint unde sint,4570,93,7,8
78HAXlX1sx,voluptas non a,151,61,6,4
dli7LUL2gB,sit quam et,4937,74,8,7
9w0QlpSlw9,sint est et,4896,52,2,6
1nMz3ojwML,consequatur dolores non,1210,12,1,5
b4kDrllfqH,velit perspiciatis similique,3124,57,9,3
5l2SfpEpZO,amet architecto quaerat,5324,1,8,8
6gDpV65q5x,laboriosam qui veniam,7602,60,10,10
47DQrF49Rv,dolor deserunt odio,9151,77,5,6
D94EV0lMmS,quia voluptas eius,3849,25,9,2
J1eiOmMAOr,maxime maiores ipsum,6150,57,3,7
fBTLFUq0hj,debitis impedit consequatur,5535,43,3,7
NZ6w007wa7,quibusdam dolorum necessitatibus,6464,98,1,6
nlYK4HFVfo,vel voluptatem pariatur,7200,8,8,9 
pzAFCzg4bF,ut numquam et,9561,81,9,4
4LyHRNOOGm,odit amet praesentium,9682,66,3,4
s17Blua6ev,consectetur hic dolorem,766,20,7,6
JtMJgxQxN1,delectus doloribus quisquam,8998,44,3,2
KtZSOW4qZz,at rerum magnam,7698,53,6,7
SCfhdZUGQ4,nulla beatae quis,44,54,4,9 
QhsJdnf7NT,asperiores dolor aliquam,1393,71,5,7
6w8DKE2RWI,reprehenderit sit omnis,7651,19,6,5
9Uz3LajgbA,perspiciatis rerum delectus,4967,88,4,1
h5JWWp6M3H,quod aut alias,4616,79,6,4
mCTkii3dtU,iste occaecati omnis,1098,55,2,2
GWzH5Q24nG,officiis officiis tempora,3371,90,9,7
xTA5A9bfuH,et officia quasi,7123,29,8,6
NCfZJLnFXy,temporibus aut est,5399,89,1,5
TR06MMGyXW,et fuga quia,7691,96,4,8
eRBAj34f2N,officiis sed ad,2318,42,5,3
pBm7RxZVwO,suscipit harum dolores,9357,76,9,8
upYlgCD0bV,aut fugit distinctio,8845,58,2,10
wDYVvIn44w,omnis excepturi adipisci,3491,91,5,10
TbUTAdmbCl,delectus non tempore,9060,9,1,4
Wt0dszH6pU,consequatur aut id,9022,43,4,3
SfIlxFNPY2,molestiae ut fugit,9946,45,4,10
A5iGcWiRlB,asperiores consequatur maiores,8189,62,9,4
BHV4I7LuSU,aliquam minus nam,9815,86,7,1
HswljLKS7Y,rerum praesentium vitae,2810,47,1,9 
1gOPsaAMa3,sint dolorem quaerat,8777,17,3,1
Z4HfWn68oh,fugiat sit eaque,430,14,9,5
2bLW6y1mtP,aspernatur vel omnis,6876,48,9,5
fKHPwtSXrz,qui nostrum ab,938,8,2,3
wjIwacq8ey,quis qui laboriosam,7645,82,6,4
t9HxehV1uP,voluptas soluta aliquid,7343,42,6,4
gl6cIL1QnX,suscipit amet sed,8922,35,3,8
rhi42DuFAT,molestias odio repellendus,1903,49,6,3
BQtvBKOEL3,alias consequatur qui,8829,62,2,2
lANuppSgZO,saepe doloremque excepturi,2023,87,1,5
HyiO8W0hAv,libero rerum vel,803,23,2,6
7nORoyWX0g,sit ratione aperiam,2665,22,6,4
NlEUi1nfJd,est id sunt,4730,9,7,7
FN95eDk2nr,voluptatibus molestiae atque,8700,9,9,7
q5Aa89lTg8,architecto molestiae ullam,1885,52,2,5
oLb3LKcaGC,suscipit omnis atque,7942,4,6,3
jucFBy05Wi,totam modi non,1718,40,7,3
ROdVfw8LMf,quisquam quia consequatur,86,89,9,4
zKq7Eiahsv,similique sint est,6419,0,4,10
pujMnuTRIG,rerum dolore occaecati,2209,12,2,2
WE217rS4pE,aut reiciendis vero,5345,39,6,7
iTIR6gS6nR,fugiat quia esse,3951,5,6,2
topAw4Cp1Z,et nam velit,7772,74,6,9 
HjIAbPOOe8,minima sunt suscipit,456,42,3,3
2tdmBbf0Lu,cupiditate illo similique,6056,82,7,9 
ND4TOt5J7H,sit qui qui,2329,43,1,9 
Od7jZQxedX,nostrum eligendi quod,514,33,1,9 
9UhrsbB5Xc,beatae asperiores veniam,2267,74,1,3
77ErmoeGGj,veniam tenetur nesciunt,858,8,9,3
67HHzsTMU1,ipsum deserunt iure,8873,45,6,8
Ol6iiHMuK0,aliquam perferendis eius,4348,68,5,2
LIK23zWXqm,iste eos quia,9924,90,7,10
xZyDlb7yas,et accusantium qui,9915,6,7,2
4zzDnPxmpB,quisquam sapiente rerum,3336,52,4,3
SDc8f43898,ex magni quia,9446,10,1,5
zRT703nmlq,tenetur voluptatem vel,2103,25,7,8
sAAUZRgpxM,rerum et blanditiis,284,1,1,10
0Nd9DOF1RB,labore recusandae perferendis,7457,89,3,2
Y6en8HSyr4,repellendus nisi veritatis,7592,83,10,6
cxQrhjtHXt,ut ipsa deserunt,1843,55,6,5
Tyq0epHTw4,vel voluptatibus et,7610,21,9,1
JTA3v8t54e,omnis est qui,2613,69,6,9 
sGoUWhNePj,id architecto vero,2428,1,2,8
qGR9haEW04,quis incidunt quam,6265,13,7,4
bki0apZFgZ,quo doloribus minima,9074,97,7,8
kSQvVfMtk6,sapiente quasi rem,7370,90,7,2
7eWUtD79GP,quod voluptas nam,6744,70,1,7
XG4GIh1FS2,ex ut eveniet,8104,48,5,4
Ja1Ev3XeyJ,molestiae vitae magni,1254,57,4,2
nHspZdpty2,temporibus ullam at,3517,25,4,5
ftnMxM7FF3,neque fugiat facere,5493,74,8,8
2ZNCwdP1WH,laboriosam ullam ab,1063,32,2,3
BFIB82eSWL,quae porro beatae,1639,34,7,10
tWAIFVyH81,distinctio non possimus,3029,68,8,8
HBk64HmSSx,corrupti debitis suscipit,9875,31,7,4
9GSaxN7JkO,dolor veritatis fuga,2995,92,2,6
G4FMseDryY,sequi aperiam omnis,7884,5,1,10
rfqegbsHpX,ipsam qui amet,5096,4,9,3
Idx8XDs6aH,minus rerum dignissimos,519,81,9,8
5eEAdjzsn2,totam et distinctio,5060,5,8,2
XpK9PPQ7fT,corporis sit rerum,9952,18,10,5
ynNaZyfWtp,natus non quaerat,9357,9,8,7
nN9emkJedb,voluptatem doloribus labore,2007,96,10,4
31xgPtzrBB,eaque earum fuga,7963,98,3,3
bzC4uqzUqD,atque magnam quia,1400,81,2,2
EmpjAQZUDQ,ducimus aliquid dignissimos,6241,16,5,9 
1wnXI7zDRO,eos ullam et,7139,42,6,3
DgH1ywEl6i,eos nam ipsa,5629,33,4,4
Iz7OEbgOnQ,vel est error,599,8,1,7
qLIijUusj5,et id consequatur,550,8,8,1
EPsF8m8VlB,fugiat maxime et,1680,68,6,7
712TYoOALW,error facilis consequuntur,5845,92,2,4
hUJdkeYiUc,officiis sint voluptatem,6949,90,4,7
I0LEOfgBai,laborum deserunt aperiam,8320,86,9,2
2GoNJkS0Me,odit rerum laboriosam,6265,29,7,2
9wHJ0E3esZ,ipsum est commodi,4445,63,8,9 
LUywqweDLZ,non illum provident,7380,64,10,8
JkmkXGkwoX,a in cumque,3653,91,4,7
iqWRwp8EsK,enim quo ratione,4654,58,8,3
uTKa4UeqaJ,voluptatibus officiis explicabo,7477,48,9,4
GfZR1N033Z,et unde rerum,4439,79,9,2
Bq0VjkK55S,accusamus aperiam quo,9432,10,2,8
VTXb33d4gh,voluptas sapiente voluptate,5892,57,9,8
PkPNTMDCGT,id tenetur sint,7305,24,5,6
0GsbSmDtrl,reprehenderit repudiandae ea,9060,72,6,3
ZINzfNR3OU,itaque distinctio enim,1636,33,9,1
saU8k9EuS7,ullam inventore officia,9520,82,6,9 
OprfwqzbYp,qui esse porro,2964,19,2,4
7VIqSqsJH5,eos ipsa reiciendis,8244,39,5,2
NUQirJvapN,eius consequuntur deleniti,4775,44,3,2
OlhAg6qoxG,sunt qui a,771,95,6,1
7Q5RL6YFcp,error rerum qui,5501,38,7,10
n1wJfgIAQv,ad ullam libero,2161,40,8,5
IWtOsP2KRv,mollitia ut molestias,6987,42,3,3
IYgPiNhC0c,itaque sed consequatur,6153,79,9,2
eOJ5giN62t,inventore repudiandae sunt,2032,18,4,9 
wATeXLmXIW,quas voluptates blanditiis,2275,36,10,10
VFsMJH1aBi,et in praesentium,9185,58,8,7
X447vxIxRB,et qui voluptatem,4770,41,7,1
1nEhgp1ezo,provident eum suscipit,3179,91,5,9 
h1Worg25iM,eveniet aut impedit,1297,66,4,5
rvhUGc1hPz,rerum fugiat cum,11,24,3,10
6IZRQinUmk,harum voluptatem neque,9010,91,6,8
hfRJ36L08f,non nostrum magni,2992,38,4,1
8SrYWnNJcO,autem omnis illo,9935,13,9,3
u3cbrTT643,vitae veritatis iste,6356,13,7,4
SQRiidHS3S,animi dicta sint,4078,35,8,4
RsmzfTv5rE,corrupti qui aut,9835,56,5,10
